{
  "sections": [
    {
      "type": "document-banner",
      "enabled": true
    },
    {
      "type": "page-title"
    },
    {
      "type": "document-description",
      "enabled": true
    },
    {
      "type": "breadcrumbs",
      "enabled": true
    },
    {
      "type": "category-retail",
      "enabled": true,
      "sort": "sales"
    },
    {
      "type": "dynamic-showcase",
      "load_more": true,
      "sort": "views"
    },
    {
      "type": "custom-html",
      "html": "<h2> veja mais produtos da pinibis</h2>"
    }
  ]
}