{
  "marketing_stripe": {
    "text": "entrega expressa para são paulo e abc | frete grátis para pedidos acima de R$100",
    "link": "",
    "background": "#e3e3e3",
    "color": "#494646"
  },
  "contacts_stripe": {
    "pages": [
      {
        "title": "pinibis",
        "link": "/pages/sobre-nos"
      },
      {
        "title": "cadastre-se | ver pedidos",
        "link": "/posts/esta-loja-e-um-pwa"
      }
    ],
    "phone_wpp": false,
    "socials": true
  },
  "categories_list": {
    "featured": [],
    "random": 6,
    "full_width": true
  },
  "search_input": true
}