{
  "meta_title": "pinibis",
  "meta_description": "Produtos para Casa, para Pets , Utilidades, Cosméticos e Acessórios",
  "sections": [
    {
      "type": "banner-slider",
      "autoplay": 9000,
      "slides": [
        {
          "start": "2021-11-24T06:30:14.183Z",
          "end": "",
          "img": "/img/uploads/sliidelancamentos.jpg"
        },
        {
          "start": "2021-11-24T06:32:51.532Z",
          "end": "",
          "img": "/img/uploads/sa.jpg"
        }
      ]
    },
    {
      "type": "page-title",
      "title": "✮ Um brinde a você! ",
      "description": "Todos os pedidos vão com um brinde especial para você! ✮"
    },
    {
      "type": "collection-shelf",
      "shuffle": true,
      "collection_id": "619d536d0c7c727225967ce9:categories:Para Pets:/para-pets",
      "limit": 12,
      "page": 1,
      "sort": "news",
      "link": "https://lojapinibis.netlify.app/para-pets",
      "title": "brinquedos fofos e utilidades para seu pet "
    },
    {
      "type": "collection-shelf",
      "shuffle": false,
      "limit": 12,
      "page": 1,
      "collection_id": "619d72e10c7c72722596ca01:categories:Cosméticos:/cosmeticos",
      "sort": "news",
      "title": "cosméticos a pronta entrega - parcele em até 3x sem juros ",
      "link": "https://lojapinibis.netlify.app/cosmeticos"
    },
    {
      "type": "collection-shelf",
      "shuffle": false,
      "limit": 12,
      "page": 1,
      "collection_id": "619d96c70c7c7272259723a7:categories:acessórios:/acessorios",
      "sort": "news",
      "title": "Acessórios ",
      "link": "https://lojapinibis.netlify.app/acessorios"
    },
    {
      "type": "collection-shelf",
      "shuffle": false,
      "limit": 12,
      "page": 1,
      "collection_id": "619d72fa0c7c72722596ca84:categories:Presentes:/presentes",
      "sort": "news",
      "title": "Cristais & Pedras",
      "link": "https://lojapinibis.netlify.app/presentes"
    },
    {
      "type": "collection-shelf",
      "shuffle": false,
      "limit": 12,
      "page": 1,
      "collection_id": "619d58eb0c7c727225968d29:categories:Casa e Decoração:/para-casa-e-decoracao",
      "sort": "news",
      "title": "para sua casa ",
      "link": "https://lojapinibis.netlify.app/para-casa-e-decoracao"
    }
  ]
}